{
    "base":"C",
    "rate":{
        "C":1.000000,
        "rad":0.01745329252,
        "g":1.11111111111,
        "tr":0.00277777777,
        "arcmin":60.000000
    }
}