{
    "base":"kg",
    "rate":{
        "mg":1000000.0,
        "g":1000.0,
        "kg":1.0,
        "hg":0.01,
        "tonne":0.001,
        "pound":2.204622622,
        "carat":5000.0,
        "chi":266.66666667,
        "luong":26.666666667
    }
}
