{
    "base":"J",
    "rate":{
        "J":1.0000,
        "MeV":6241506479963.2,
        "Wh":0.000277778,
        "cal":0.2389029576
    }
}