{
    "base":"m2",
    "rate":{
        "mm2":1000000.0,
        "cm2":10000.0,
        "dm2":100.0,
        "m2":1.0,
        "km2":0.000001,
        "ha":0.0001,
        "congnam":0.000771604938,
        "mautrung":0.00020002,
        "maubac":0.000277778
    }
}
