{
    "base":"m",
    "rate":{
        "nm":1000000000.0,
        "mm":1000.0,
        "cm":100.0,
        "dm":10.0,
        "m":1.0,
        "km":0.001,
        "ft":3.280839895,
        "inch":0.3937007874,
        "ly":1.057000834e-16,
        "mile":0.00062137119,
        "nmi":5.399568035e-4
    }
}
