{
    "base":"y",
    "y":{
        "y":1.000000,
        "w":52.17857,
        "d":365.2,
        "h":8766,
        "m":525960,
	"s":31557600,
	"ms":31557600000,
	"us":31557600000000
    }
}